<?xml version="1.0" encoding="utf-8"?>
<resources>

    <style name="idenfyIdentificationSuccessResultsViewTitleStyle" parent="android:Widget.TextView">
        <item name="android:textColor">@color/idenfyIdentificationSuccessResultsViewTitleTextColor
        </item>
        <item name="android:textSize">
            @dimen/idenfy_dimen_identification_success_results_view_information_title_text_size
        </item>
    </style>

    <style name="idenfyIdentificationSuccessResultsViewDescriptionStyle" parent="android:Widget.TextView">
        <item name="android:textColor">
            @color/idenfyIdentificationSuccessResultsViewDescriptionTextColor
        </item>
        <item name="android:textSize">13sp</item>
    </style>

    <style name="idenfyIdentificationSuccessResultsViewIdentifiedStyle" parent="android:Widget.TextView">
        <item name="android:textColor">
            @color/idenfyIdentificationSuccessResultsViewIdentifiedTextColor
        </item>
        <item name="android:textSize">22sp</item>
    </style>

</resources>